{
  "ordered_face_ids": [
    0, 
    7, 
    8, 
    9, 
    3, 
    2, 
    11, 
    10, 
    6, 
    1, 
    5, 
    4
  ], 
  "base_face_id": 0, 
  "faces": [
    [
      3, 
      0, 
      2, 
      4, 
      -1, 
      -1
    ], 
    [
      3, 
      6, 
      5, 
      3, 
      2, 
      8
    ], 
    [
      3, 
      5, 
      6, 
      7, 
      3, 
      4
    ], 
    [
      3, 
      8, 
      7, 
      6, 
      9, 
      3
    ], 
    [
      3, 
      7, 
      8, 
      10, 
      3, 
      10
    ], 
    [
      3, 
      12, 
      11, 
      9, 
      6, 
      9
    ], 
    [
      3, 
      1, 
      11, 
      12, 
      10, 
      7
    ], 
    [
      3, 
      13, 
      2, 
      0, 
      0, 
      0
    ], 
    [
      3, 
      13, 
      6, 
      2, 
      7, 
      1
    ], 
    [
      3, 
      13, 
      8, 
      6, 
      8, 
      2
    ], 
    [
      3, 
      1, 
      7, 
      11, 
      11, 
      6
    ], 
    [
      3, 
      1, 
      5, 
      7, 
      2, 
      5
    ]
  ], 
  "vertices": [
    [
      0.0, 
      0.0, 
      0.0
    ], 
    [
      4.0, 
      2.62268e-07, 
      -2.29282e-14
    ], 
    [
      1.0, 
      0.0, 
      0.0
    ], 
    [
      2.0, 
      2.22044e-16, 
      -1.0
    ], 
    [
      0.0, 
      -4.37114e-08, 
      -1.0
    ], 
    [
      3.0, 
      1.31134e-07, 
      -1.15463e-14
    ], 
    [
      2.0, 
      4.37114e-08, 
      -3.77476e-15
    ], 
    [
      3.0, 
      2.18557e-07, 
      1.0
    ], 
    [
      2.0, 
      1.31134e-07, 
      1.0
    ], 
    [
      5.0, 
      6.55671e-07, 
      2.0
    ], 
    [
      3.0, 
      3.49691e-07, 
      2.0
    ], 
    [
      4.0, 
      3.49691e-07, 
      1.0
    ], 
    [
      5.0, 
      5.24537e-07, 
      1.0
    ], 
    [
      1.0, 
      8.74228e-08, 
      1.0
    ]
  ], 
  "creases": [
    [
      0, 
      2, 
      1.5708, 
      7, 
      0
    ], 
    [
      13, 
      2, 
      1.5708, 
      8, 
      7
    ], 
    [
      13, 
      6, 
      0.0, 
      9, 
      8
    ], 
    [
      8, 
      6, 
      1.5708, 
      3, 
      9
    ], 
    [
      7, 
      6, 
      0.0, 
      2, 
      3
    ], 
    [
      7, 
      5, 
      1.5708, 
      11, 
      2
    ], 
    [
      7, 
      1, 
      0.0, 
      10, 
      11
    ], 
    [
      11, 
      1, 
      1.5708, 
      6, 
      10
    ], 
    [
      5, 
      6, 
      1.5708, 
      1, 
      2
    ], 
    [
      11, 
      12, 
      1.5708, 
      5, 
      6
    ], 
    [
      8, 
      7, 
      1.5708, 
      4, 
      3
    ]
  ]
}