{
  "ordered_face_ids": [
    9, 
    2, 
    8, 
    10, 
    1, 
    7, 
    15, 
    11, 
    0, 
    6, 
    16, 
    5, 
    12, 
    17, 
    4, 
    13, 
    3, 
    14
  ], 
  "base_face_id": 9, 
  "faces": [
    [
      3, 
      0, 
      4, 
      5, 
      1, 
      0
    ], 
    [
      3, 
      0, 
      5, 
      1, 
      2, 
      5
    ], 
    [
      3, 
      1, 
      5, 
      6, 
      9, 
      8
    ], 
    [
      3, 
      1, 
      6, 
      2, 
      4, 
      13
    ], 
    [
      3, 
      2, 
      6, 
      3, 
      5, 
      15
    ], 
    [
      3, 
      3, 
      6, 
      7, 
      11, 
      16
    ], 
    [
      3, 
      4, 
      8, 
      9, 
      7, 
      2
    ], 
    [
      3, 
      4, 
      9, 
      5, 
      8, 
      7
    ], 
    [
      3, 
      5, 
      9, 
      10, 
      9, 
      9
    ], 
    [
      3, 
      5, 
      10, 
      6, 
      -1, 
      -1
    ], 
    [
      3, 
      6, 
      10, 
      11, 
      9, 
      14
    ], 
    [
      3, 
      6, 
      11, 
      7, 
      10, 
      17
    ], 
    [
      3, 
      8, 
      12, 
      9, 
      6, 
      3
    ], 
    [
      3, 
      9, 
      12, 
      13, 
      12, 
      4
    ], 
    [
      3, 
      9, 
      13, 
      14, 
      13, 
      10
    ], 
    [
      3, 
      9, 
      14, 
      10, 
      8, 
      11
    ], 
    [
      3, 
      10, 
      14, 
      15, 
      15, 
      18
    ], 
    [
      3, 
      10, 
      15, 
      11, 
      16, 
      20
    ]
  ], 
  "vertices": [
    [
      -0.461633, 
      0.333333, 
      0.0
    ], 
    [
      -0.19245, 
      0.333333, 
      0.0
    ], 
    [
      0.0767332, 
      0.333333, 
      0.0
    ], 
    [
      0.538367, 
      0.333333, 
      0.0
    ], 
    [
      -0.461633, 
      0.0, 
      0.0
    ], 
    [
      0.0, 
      0.0, 
      0.0
    ], 
    [
      0.269183, 
      0.0, 
      0.0
    ], 
    [
      0.538367, 
      0.0, 
      0.0
    ], 
    [
      -0.461633, 
      -0.333333, 
      0.0
    ], 
    [
      -0.19245, 
      -0.333333, 
      0.0
    ], 
    [
      0.0767332, 
      -0.333333, 
      0.0
    ], 
    [
      0.538367, 
      -0.333333, 
      0.0
    ], 
    [
      -0.461633, 
      -0.666667, 
      0.0
    ], 
    [
      0.0, 
      -0.666667, 
      0.0
    ], 
    [
      0.269183, 
      -0.666667, 
      0.0
    ], 
    [
      0.538367, 
      -0.666667, 
      0.0
    ]
  ], 
  "creases": [
    [
      5, 
      0, 
      0.0, 
      0, 
      1
    ], 
    [
      4, 
      5, 
      3.14159, 
      0, 
      7
    ], 
    [
      9, 
      4, 
      0.0, 
      6, 
      7
    ], 
    [
      9, 
      8, 
      -3.14159, 
      6, 
      12
    ], 
    [
      9, 
      12, 
      0.0, 
      12, 
      13
    ], 
    [
      5, 
      1, 
      -3.14159, 
      1, 
      2
    ], 
    [
      1, 
      6, 
      0.0, 
      2, 
      3
    ], 
    [
      9, 
      5, 
      -3.14159, 
      7, 
      8
    ], 
    [
      5, 
      6, 
      -3.14159, 
      2, 
      9
    ], 
    [
      10, 
      5, 
      0.0, 
      8, 
      9
    ], 
    [
      9, 
      13, 
      -3.14159, 
      13, 
      14
    ], 
    [
      10, 
      9, 
      3.14159, 
      8, 
      15
    ], 
    [
      9, 
      14, 
      0.0, 
      14, 
      15
    ], 
    [
      6, 
      2, 
      3.14159, 
      3, 
      4
    ], 
    [
      6, 
      10, 
      3.14159, 
      9, 
      10
    ], 
    [
      6, 
      3, 
      0.0, 
      4, 
      5
    ], 
    [
      6, 
      7, 
      3.14159, 
      5, 
      11
    ], 
    [
      6, 
      11, 
      0.0, 
      10, 
      11
    ], 
    [
      10, 
      14, 
      3.14159, 
      15, 
      16
    ], 
    [
      10, 
      11, 
      -3.14159, 
      10, 
      17
    ], 
    [
      10, 
      15, 
      0.0, 
      16, 
      17
    ]
  ]
}