{
  "ordered_face_ids": [
    0, 
    3, 
    2, 
    1, 
    20, 
    23, 
    9, 
    10, 
    11, 
    13, 
    14, 
    22, 
    21, 
    19, 
    18, 
    17, 
    15, 
    12, 
    7, 
    4, 
    5, 
    6, 
    16, 
    8
  ], 
  "base_face_id": 0, 
  "faces": [
    [
      3, 
      3, 
      15, 
      23, 
      -1, 
      -1
    ], 
    [
      3, 
      24, 
      17, 
      3, 
      2, 
      2
    ], 
    [
      3, 
      17, 
      7, 
      3, 
      3, 
      1
    ], 
    [
      3, 
      3, 
      7, 
      15, 
      0, 
      0
    ], 
    [
      3, 
      21, 
      13, 
      5, 
      7, 
      18
    ], 
    [
      3, 
      5, 
      19, 
      21, 
      4, 
      19
    ], 
    [
      3, 
      5, 
      10, 
      19, 
      5, 
      20
    ], 
    [
      3, 
      13, 
      11, 
      5, 
      12, 
      17
    ], 
    [
      3, 
      25, 
      16, 
      4, 
      11, 
      22
    ], 
    [
      3, 
      4, 
      22, 
      24, 
      23, 
      5
    ], 
    [
      3, 
      4, 
      14, 
      22, 
      9, 
      6
    ], 
    [
      3, 
      16, 
      14, 
      4, 
      10, 
      7
    ], 
    [
      3, 
      1, 
      11, 
      13, 
      15, 
      16
    ], 
    [
      3, 
      2, 
      14, 
      16, 
      11, 
      8
    ], 
    [
      3, 
      16, 
      8, 
      2, 
      13, 
      9
    ], 
    [
      3, 
      1, 
      9, 
      11, 
      17, 
      15
    ], 
    [
      3, 
      20, 
      12, 
      6, 
      19, 
      21
    ], 
    [
      3, 
      11, 
      9, 
      6, 
      18, 
      14
    ], 
    [
      3, 
      6, 
      9, 
      18, 
      19, 
      13
    ], 
    [
      3, 
      6, 
      18, 
      20, 
      21, 
      12
    ], 
    [
      3, 
      0, 
      17, 
      24, 
      1, 
      3
    ], 
    [
      3, 
      20, 
      18, 
      0, 
      22, 
      11
    ], 
    [
      3, 
      22, 
      20, 
      0, 
      23, 
      10
    ], 
    [
      3, 
      24, 
      22, 
      0, 
      20, 
      4
    ]
  ], 
  "vertices": [
    [
      -4.83014, 
      -6.5262e-07, 
      5.10068
    ], 
    [
      -9.01166, 
      -2.60363e-06, 
      11.0511
    ], 
    [
      -11.8454, 
      -1.87867e-06, 
      3.18277
    ], 
    [
      -3.16228, 
      -2.98023e-08, 
      -1.0
    ], 
    [
      -6.97317, 
      -5.62918e-07, 
      -0.849737
    ], 
    [
      -14.1863, 
      -3.18085e-06, 
      7.41473
    ], 
    [
      -11.1547, 
      -1.89984e-06, 
      5.10068
    ], 
    [
      -1.14992, 
      -1.03901e-07, 
      1.63636
    ], 
    [
      -11.9761, 
      -1.87162e-06, 
      -0.131275
    ], 
    [
      -9.14233, 
      -1.97428e-06, 
      7.73704
    ], 
    [
      -17.26, 
      -4.69024e-06, 
      8.66061
    ], 
    [
      -11.024, 
      -2.55907e-06, 
      8.41473
    ], 
    [
      -9.14233, 
      -1.23539e-06, 
      2.46431
    ], 
    [
      -12.1739, 
      -3.26899e-06, 
      10.0511
    ], 
    [
      -8.7717, 
      -1.13373e-06, 
      1.93689
    ], 
    [
      0.0, 
      0.0, 
      0.0
    ], 
    [
      -10.0469, 
      -1.35337e-06, 
      0.396148
    ], 
    [
      -3.03161, 
      -2.73655e-07, 
      2.31405
    ], 
    [
      -7.99241, 
      -1.4367e-06, 
      6.10068
    ], 
    [
      -15.9848, 
      -4.56468e-06, 
      10.2014
    ], 
    [
      -7.99241, 
      -1.16129e-06, 
      4.10068
    ], 
    [
      -14.0556, 
      -4.03783e-06, 
      10.7288
    ], 
    [
      -6.84249, 
      -7.93073e-07, 
      2.46431
    ], 
    [
      0.0, 
      0.0, 
      -2.0
    ], 
    [
      -4.96081, 
      -4.52335e-07, 
      1.78663
    ], 
    [
      -10.2044, 
      -1.38013e-06, 
      -1.59764
    ]
  ], 
  "creases": [
    [
      3, 
      15, 
      1.47063, 
      3, 
      0
    ], 
    [
      3, 
      7, 
      1.47063, 
      2, 
      3
    ], 
    [
      3, 
      17, 
      1.47063, 
      1, 
      2
    ], 
    [
      24, 
      17, 
      -0.927295, 
      20, 
      1
    ], 
    [
      24, 
      0, 
      1.47063, 
      23, 
      20
    ], 
    [
      24, 
      22, 
      -0.927295, 
      9, 
      23
    ], 
    [
      4, 
      22, 
      1.47063, 
      10, 
      9
    ], 
    [
      4, 
      14, 
      1.47063, 
      11, 
      10
    ], 
    [
      16, 
      14, 
      -0.927295, 
      13, 
      11
    ], 
    [
      16, 
      2, 
      1.47063, 
      14, 
      13
    ], 
    [
      22, 
      0, 
      1.47063, 
      22, 
      23
    ], 
    [
      20, 
      0, 
      1.47063, 
      21, 
      22
    ], 
    [
      20, 
      18, 
      -0.927295, 
      19, 
      21
    ], 
    [
      6, 
      18, 
      1.47063, 
      18, 
      19
    ], 
    [
      6, 
      9, 
      1.47063, 
      17, 
      18
    ], 
    [
      11, 
      9, 
      -0.927295, 
      15, 
      17
    ], 
    [
      11, 
      1, 
      1.47063, 
      12, 
      15
    ], 
    [
      11, 
      13, 
      -0.927295, 
      7, 
      12
    ], 
    [
      5, 
      13, 
      1.47063, 
      4, 
      7
    ], 
    [
      5, 
      21, 
      1.47063, 
      5, 
      4
    ], 
    [
      5, 
      19, 
      1.47063, 
      6, 
      5
    ], 
    [
      20, 
      6, 
      1.47063, 
      16, 
      19
    ], 
    [
      4, 
      16, 
      1.47063, 
      8, 
      11
    ]
  ]
}