{
  "ordered_face_ids": [
    0, 
    3, 
    14, 
    15, 
    12, 
    13, 
    7, 
    11, 
    8, 
    9, 
    10, 
    4, 
    1, 
    20, 
    23, 
    21, 
    22, 
    19, 
    5, 
    16, 
    6, 
    17, 
    18, 
    2
  ], 
  "base_face_id": 0, 
  "faces": [
    [
      3, 
      2, 
      16, 
      24, 
      -1, 
      -1
    ], 
    [
      3, 
      24, 
      18, 
      2, 
      0, 
      11
    ], 
    [
      3, 
      19, 
      9, 
      3, 
      18, 
      22
    ], 
    [
      3, 
      2, 
      10, 
      16, 
      0, 
      0
    ], 
    [
      3, 
      22, 
      14, 
      5, 
      10, 
      10
    ], 
    [
      3, 
      6, 
      20, 
      23, 
      22, 
      17
    ], 
    [
      3, 
      6, 
      11, 
      20, 
      5, 
      19
    ], 
    [
      3, 
      15, 
      12, 
      7, 
      12, 
      5
    ], 
    [
      3, 
      25, 
      17, 
      4, 
      11, 
      7
    ], 
    [
      3, 
      4, 
      22, 
      25, 
      8, 
      8
    ], 
    [
      3, 
      4, 
      14, 
      22, 
      9, 
      9
    ], 
    [
      3, 
      17, 
      15, 
      4, 
      13, 
      6
    ], 
    [
      3, 
      1, 
      12, 
      15, 
      15, 
      3
    ], 
    [
      3, 
      1, 
      15, 
      17, 
      12, 
      4
    ], 
    [
      3, 
      16, 
      10, 
      1, 
      3, 
      1
    ], 
    [
      3, 
      1, 
      10, 
      12, 
      14, 
      2
    ], 
    [
      3, 
      21, 
      13, 
      8, 
      19, 
      18
    ], 
    [
      3, 
      13, 
      9, 
      8, 
      16, 
      20
    ], 
    [
      3, 
      8, 
      9, 
      19, 
      17, 
      21
    ], 
    [
      3, 
      8, 
      18, 
      21, 
      21, 
      16
    ], 
    [
      3, 
      0, 
      18, 
      24, 
      1, 
      12
    ], 
    [
      3, 
      21, 
      18, 
      0, 
      20, 
      14
    ], 
    [
      3, 
      23, 
      20, 
      0, 
      23, 
      15
    ], 
    [
      3, 
      24, 
      23, 
      0, 
      20, 
      13
    ]
  ], 
  "vertices": [
    [
      2.01236, 
      -4.22722e-08, 
      -4.63636
    ], 
    [
      2.01236, 
      -4.22722e-08, 
      2.63636
    ], 
    [
      -3.16228, 
      -2.98023e-08, 
      -1.0
    ], 
    [
      -5.98005, 
      -1.45243e-06, 
      -10.737
    ], 
    [
      -0.130673, 
      -9.11728e-07, 
      8.58678
    ], 
    [
      5.04396, 
      -2.03683e-06, 
      12.2231
    ], 
    [
      3.68022, 
      3.14234e-10, 
      1.46431
    ], 
    [
      -3.16228, 
      -6.2813e-07, 
      6.27273
    ], 
    [
      -4.3122, 
      -3.05044e-07, 
      -4.63636
    ], 
    [
      -4.18152, 
      -8.12187e-07, 
      -7.95041
    ], 
    [
      -1.14992, 
      -1.03901e-07, 
      1.63636
    ], 
    [
      5.69258, 
      -2.68471e-07, 
      -1.17205
    ], 
    [
      -1.14992, 
      -2.73285e-07, 
      3.63636
    ], 
    [
      -2.29984, 
      -5.46904e-07, 
      -7.27273
    ], 
    [
      1.88169, 
      -1.68405e-06, 
      11.2231
    ], 
    [
      5.70912e-08, 
      -4.40685e-07, 
      5.27273
    ], 
    [
      0.0, 
      0.0, 
      0.0
    ], 
    [
      1.88169, 
      -5.5884e-07, 
      5.95041
    ], 
    [
      -1.14992, 
      -1.03901e-07, 
      -3.63636
    ], 
    [
      -6.11073, 
      -9.96682e-07, 
      -7.42299
    ], 
    [
      3.81089, 
      -9.33674e-08, 
      -1.84974
    ], 
    [
      -1.14992, 
      -2.73285e-07, 
      -5.63636
    ], 
    [
      3.03161, 
      -1.3159e-06, 
      9.58678
    ], 
    [
      1.88169, 
      7.84177e-09, 
      -1.32231
    ], 
    [
      0.0, 
      0.0, 
      -2.0
    ], 
    [
      3.03161, 
      -8.92134e-07, 
      7.58678
    ]
  ], 
  "creases": [
    [
      2, 
      16, 
      1.47063, 
      3, 
      0
    ], 
    [
      10, 
      16, 
      -0.927295, 
      14, 
      3
    ], 
    [
      10, 
      1, 
      1.47063, 
      15, 
      14
    ], 
    [
      12, 
      1, 
      1.47063, 
      12, 
      15
    ], 
    [
      15, 
      1, 
      1.47063, 
      13, 
      12
    ], 
    [
      12, 
      15, 
      -0.927295, 
      7, 
      12
    ], 
    [
      15, 
      17, 
      -0.927295, 
      11, 
      13
    ], 
    [
      4, 
      17, 
      1.47063, 
      8, 
      11
    ], 
    [
      4, 
      25, 
      1.47063, 
      9, 
      8
    ], 
    [
      4, 
      22, 
      1.47063, 
      10, 
      9
    ], 
    [
      14, 
      22, 
      -0.927295, 
      4, 
      10
    ], 
    [
      24, 
      2, 
      1.47063, 
      1, 
      0
    ], 
    [
      24, 
      18, 
      -0.927295, 
      20, 
      1
    ], 
    [
      24, 
      0, 
      1.47063, 
      23, 
      20
    ], 
    [
      0, 
      18, 
      1.47063, 
      21, 
      20
    ], 
    [
      23, 
      0, 
      1.47063, 
      22, 
      23
    ], 
    [
      21, 
      18, 
      -0.927295, 
      19, 
      21
    ], 
    [
      23, 
      20, 
      -0.927295, 
      5, 
      22
    ], 
    [
      21, 
      8, 
      1.47063, 
      16, 
      19
    ], 
    [
      6, 
      20, 
      1.47063, 
      6, 
      5
    ], 
    [
      13, 
      8, 
      1.47063, 
      17, 
      16
    ], 
    [
      9, 
      8, 
      1.47063, 
      18, 
      17
    ], 
    [
      9, 
      19, 
      -0.927295, 
      2, 
      18
    ]
  ]
}